医院名,記事タイトル,記事URL,住所,電話番号,診療時間,アクセス,ホームページ,画像URL,GoogleMap
"福井県で評判の内視鏡検査ができる7医院！","【2026年】福井県の内視鏡検査 おすすめしたい7医院（1/2ページ）","https://medicaldoc.jp/m/recommend-m/fukui-endoscope/","福井県丹生郡越前町織田101-20","0778-36-0015","診療時間 月 火 水 木 金 土 日 祝 9:00～12:00 ● ● ● ● ● ● － － 13:00～18:00 ● ● ● － ● － － －","JR福井駅から車で33分","https://www.yt-tachibana.jp/","https://media.medicaldoc.jp/wp-content/uploads/2023/02/view_img023_2.jpg",""
"池田市で評判の消化器内科対応クリニック6医院","【2026年】池田市の消化器内科 おすすめしたい6医院","https://medicaldoc.jp/m/recommend-m/ikeda-ct-gastroenterology/","大阪府箕面市桜ケ丘3丁目9-19 桜ヶ丘クリニックビル3","072-725-6131","診療時間 月 火 水 木 金 土 日 祝 9:00～12:30 ● ● ● ● ● ● － － 内視鏡検査 9:00～(予約制) ● ● ● － ● ● － － 16:30～20:00 ● ● ● ● ★ ▲ － －","阪急箕面線 桜井駅 車で4分 / 阪急箕面線 牧落駅 車で5分 / さくら通り循環器消化器内科へのアクセスは、阪急箕面線の牧落駅より徒歩約13分、阪急箕面線の桜井駅より徒歩約14分と、通院しやすい立地にあります。お車での通院にも配慮された環境作りがされており、駐車場も完備しているため、体調が優れないときや定期的な通院が必要な場合でも、移動の負担を軽減しやすいのは魅力といえるでしょう。 また、金曜日を除く平日は20時まで、土曜日も17時まで診療を行われており、ライフスタイルに合わせてスケジュール調整できるよう努められています。予約なしで受診できる点も、急な体調不良の際の安心材料となるのではないでしょうか。池田市周辺で長く通えるかかりつけ医をお探しの方は、まずは気軽に相談してみることをおすすめします。","https://www.sakura-naika-clinic.net/","https://media.medicaldoc.jp/wp-content/uploads/2026/05/sakura-naika-clinic3-1.jpg",""
"さいたま市で評判の循環器内科9医院","【2026年】さいたま市の循環器内科 おすすめしたい9医院（1/2ページ）","https://medicaldoc.jp/m/recommend-m/saitama-ct-cardiology/","埼玉県さいたま市見沼区深作3-25-16","048-685-5922","診療時間 月 火 水 木 金 土 日 祝 9:00～12:00 ● ● ● － ● ● － － 15:00〜18:00 ● ● ● － ● － － －","東武野田線 七里駅 車で6分 / JR宇都宮線 東大宮駅 車で8分","https://morimoto-heart.com/","https://media.medicaldoc.jp/wp-content/uploads/2022/07/R3SS0114-e1658365380351.jpg","https://www.google.com/maps/embed?pb=!1m18!1m12!1m3!1d3229.7809155716377!2d139.664603!3d35.952329000000006!2m3!1f0!2f0!3f0!3m2!1i1024!2i768!4f8!3m3!1m2!1s0x6018c73c0bcf22eb%3A0xe4340c5ab39835b8!2z5qOu5pys5Yy76Zmi!5e0!3m2!1sja!2sus!4v1779157571676!5m2!1sja!2sus"
"さいたま市で評判の循環器内科9医院","【2026年】さいたま市の循環器内科 おすすめしたい9医院（1/2ページ）","https://medicaldoc.jp/m/recommend-m/saitama-ct-cardiology/","埼玉県さいたま市北区今羽町26","048-652-2226","診療時間 月 火 水 木 金 土 日 祝 9:00〜12:00 ● ● ● ● ● ● － － 14:30〜16:00 ★ ★ ★ ★ ★ － － － 16:00〜18:30 ● ● ● ● ● － － －","クレジットカード可マイナンバーカードの健康保険証利用専門医在籍日曜診療英語対応駅徒歩5分以内駐車場あり / 埼玉新都市交通伊奈線 今羽駅 徒歩3分 / 埼玉新都市交通伊奈線 東宮原駅 徒歩10分","https://kosugi-clinic.jp/","https://media.medicaldoc.jp/wp-content/uploads/2022/02/clinic-reception.jpg",""
"さいたま市で評判の循環器内科9医院","【2026年】さいたま市の循環器内科 おすすめしたい9医院（1/2ページ）","https://medicaldoc.jp/m/recommend-m/saitama-ct-cardiology/","埼玉県さいたま市中央区下落合7-1-26","048-825-9315","診療時間 月 火 水 木 金 土 日 祝 9:00～12:00 ● ● ★ ● ● － ● － 14:00～17:00 ◎ ● ★ ● ● － － －","JR埼京線 与野本町駅 徒歩8分 / JR京浜東北線 与野駅 徒歩9分","https://hayashida-clinic.jp/","https://media.medicaldoc.jp/wp-content/uploads/2025/09/69a92421dcf88f0086b4540d24ac0fb4.jpg","https://www.google.com/maps/embed?pb=!1m18!1m12!1m3!1d3232.7002694933235!2d139.63034377623802!3d35.88086141898111!2m3!1f0!2f0!3f0!3m2!1i1024!2i768!4f8!3m3!1m2!1s0x6018c1a323a427f7%3A0x42fd239ba3825290!2z5p6X55Sw5Yy76Zmi!5e0!3m2!1sja!2sus!4v1718259734531!5m2!1sja!2sus"
"さいたま市で評判の循環器内科9医院","【2026年】さいたま市の循環器内科 おすすめしたい9医院（1/2ページ）","https://medicaldoc.jp/m/recommend-m/saitama-ct-cardiology/","埼玉県戸田市新曽1991 リノリーゾ2","048-443-8010","診療時間 月 火 水 木 金 土 日 祝 9:00～12:00 ● ● ● － ● ★ － － 15:00～19:00 ● ● ● － ● － － －","クレジットカード可マイナンバーカードの健康保険証利用予約優先制専門医在籍提携駐車場あり駅徒歩5分以内 / JR埼京線 北戸田駅 徒歩2分 / 北戸田ハートクリニックは「わかりやすい医療、安心できる医療」をモットーに、埼玉県戸田市にて地域に根差した循環器内科診療を行われています。内科領域や循環器疾患に精通した医師が診療を担当されており、胸痛や動悸、脈の乱れなどの症状がある場合は、早めに受診するように促しているそうです。 医師の専門性の高さに加えて、地域の基幹病院と連携体制を築かれている点も、診療の強みの一つ。例えば、不整脈に対しカテーテルアブレーションによる根治治療を検討する場合は、専門病院を紹介されています。 さらに、JR埼京線の北戸田駅より徒歩2分というアクセスの良さも魅力的です。さいたま市周辺で頼れる循環器内科のホームドクターをお探しでしたら、一度足を運んでみてはいかがでしょうか。","https://www.kitatoda-heartclinic.jp/","https://media.medicaldoc.jp/wp-content/uploads/2025/10/kitatoda-heartclinic2-1.jpg",""
"東京都で評判の骨粗鬆症治療対応のクリニック9医院","【2026年】東京都の骨粗鬆症治療 おすすめしたい9医院（1/2ページ）","https://medicaldoc.jp/m/recommend-m/tokyo-osteoporosis/","東京都板橋区小茂根4-28-14","03-3956-2090","診療時間 月 火 水 木 金 土 日 祝 9:00〜12:00 ● ● ● ● ● ● － － 16:00〜18:00 ● ★ ● ● ★ － － －","東京メトロ副都心線・東京メトロ有楽町線・西武有楽町線 小竹向原駅 1番出口 徒歩7分 / 西武有楽町線 新桜台駅 徒歩7分 / 西武池袋線 江古田駅 北口 車で4分","https://hayashi-medical.com/","https://media.medicaldoc.jp/wp-content/uploads/2021/12/7b2984ac373d81319c3cf73c36beac79.jpg","https://www.google.com/maps/embed?pb=!1m14!1m8!1m3!1d3484.3576839413417!2d139.67192767699356!3d35.74569162623427!3m2!1i1024!2i768!4f13.1!3m3!1m2!1s0x6018ed3dd0f24ed3%3A0xdc13ee0543c2c31a!2z5Yy755mC5rOV5Lq656S-5Zuj5qGQ5b-D5LyaIOael-OCr-ODquODi-ODg-OCrw!5e0!3m2!1sja!2sjp!4v1773376371876!5m2!1sja!2sjp"
"東京都で評判の骨粗鬆症治療対応のクリニック9医院","【2026年】東京都の骨粗鬆症治療 おすすめしたい9医院（1/2ページ）","https://medicaldoc.jp/m/recommend-m/tokyo-osteoporosis/","東京都千代田区神田神保町1-29 すずらんビル2","03-5577-7997","診療時間 月 火 水 木 金 土 日 祝 9:30～13:00 ● ● ● ● ● － － － 14:30～18:30 ● ● ● ● ● － － －","オンライン診療対応クレジットカード可マイナンバーカードの健康保険証利用専門医在籍日曜診療駅徒歩5分以内 / 東京メトロ半蔵門線・都営地下鉄三田線・都営地下鉄新宿線 神保町駅 A7出口 徒歩2分","https://jimbocho-seikei.com/","https://media.medicaldoc.jp/wp-content/uploads/2022/09/jimbocho-seikei2-1.jpg","https://www.google.com/maps/embed?pb=!1m14!1m8!1m3!1d5143.543900992594!2d139.75655273646245!3d35.69596622625168!3m2!1i1024!2i768!4f8!3m3!1m2!1s0x60188c1108dbc729%3A0x93bb8674a9790159!2z56We5L-d55S65pW05b2i5aSW56eR!5e0!3m2!1sja!2sus!4v1779253245219!5m2!1sja!2sus"
"東京都で評判の骨粗鬆症治療対応のクリニック9医院","【2026年】東京都の骨粗鬆症治療 おすすめしたい9医院（1/2ページ）","https://medicaldoc.jp/m/recommend-m/tokyo-osteoporosis/","東京都目黒区祐天寺2-14-20 祐天寺駅前ビル3","03-6452-2424","診療時間 月 火 水 木 金 土 日 祝 9:00～13:00 ● ● － ● ● ★ － － 15:00～19:00 ● ● － ● ● － － －","クレジットカード可マイナンバーカードの健康保険証利用専門医在籍日曜診療英語対応駅徒歩5分以内 / 東急東横線 祐天寺駅 東口2 徒歩すぐ","https://tsukuruseikei.jp/","https://media.medicaldoc.jp/wp-content/uploads/2023/06/tsukuruseikei02-e1686788779605.jpg",""
"東京都で評判の骨粗鬆症治療対応のクリニック9医院","【2026年】東京都の骨粗鬆症治療 おすすめしたい9医院（1/2ページ）","https://medicaldoc.jp/m/recommend-m/tokyo-osteoporosis/","東京都町田市森野2-7-7","042-727-0155","診療時間 月 火 水 木 金 土 日 祝 9:00～12:30 ● ● ● － ● ● － － 15:00～18:30 ● ● ● － ● ● － －","小田急小田原線 町田駅 西口 徒歩10分 / JR横浜線 町田駅 北口 車で4分","https://www.machida-seikei.jp/","https://media.medicaldoc.jp/wp-content/uploads/2022/07/machida-seikei2.jpg","https://www.google.com/maps/embed?pb=!1m14!1m8!1m3!1d202.88981882837257!2d139.43680107831554!3d35.54784606934127!3m2!1i1024!2i768!4f13.1!3m3!1m2!1s0x6018feaf42c94aa7%3A0x69b1a5363ba08f00!2z55S655Sw5pW05b2i5aSW56eR!5e0!3m2!1sja!2sus!4v1699231189855!5m2!1sja!2sus"
"東京都で評判の骨粗鬆症治療対応のクリニック9医院","【2026年】東京都の骨粗鬆症治療 おすすめしたい9医院（1/2ページ）","https://medicaldoc.jp/m/recommend-m/tokyo-osteoporosis/","東京都世田谷区玉川3-6-1 第6明友ビル2F・3","03-6432-7205","診療時間 月 火 水 木 金 土 日 9:00～12:00 ● ● ● ● ● ● ● 14:00～18:00 ● ● ● ● ● ● ●","クレジットカード可マイナンバーカードの健康保険証利用専門医在籍日曜診療駅徒歩5分以内 / 東急田園都市線・東急大井町線 二子玉川駅 西口 徒歩3分 / 二子玉川整形外科クリニックは、お子さんやご年配の方、スポーツを楽しむ方まで幅広く対応し、東急田園都市線の二子玉川駅から徒歩3分の好立地にある地域に根ざしたクリニックです。整形外科に加え、リハビリテーション科やペインクリニックも併設しており、骨粗鬆症についても多角的な視点でアプローチされています。骨密度だけでなく、筋肉や関節の状態も含めて評価することで、より効果的な治療へ繋げられている点が特徴です。 院長の八百医師は、患者さんの声に真摯に耳を傾け、不安や悩みに寄り添った診療を心掛けられています。十分なカウンセリングと必要な検査を行い、生活背景に合わせた治療計画を一緒に考えられているため、納得しながら治療を続けやすいでしょう。 診療は月曜日から日曜日まで休みなく行われており、困ったときにいつでも相談できる体制を整えられています。東京都で骨粗鬆症にお悩みの方にとって、有力な選択肢の一つになるのではないでしょうか。","https://nicotama-seikei.com/","https://media.medicaldoc.jp/wp-content/uploads/2025/11/nicotama-seikei6.jpg","https://www.google.com/maps/embed?pb=!4v1763085869093!6m8!1m7!1sCAoSFkNJSE0wb2dLRUlDQWdJQzI4dG5iZUE.!2m2!1d35.61232994675617!2d139.6262223937398!3f359.57!4f-12.909999999999997!5f0.4000000000000002"
"東京都で評判のおすすめ多焦点眼内レンズ対応のクリニック14医院","【2026年】東京都の多焦点眼内レンズ おすすめしたい14医院（1/2ページ）","https://medicaldoc.jp/m/recommend-m/tokyo-multifocal/","東京都小金井市本町1丁目18番3号 ユニーブル武蔵小金井スイートB101","042-383-0077","診療時間 月 火 水 木 金 土 日 祝 9:30～13:00 ● ● ● ● ● ● － － 14:30～18:00 ● ● ★ ● ★ － － －","JR中央線 武蔵小金井駅 南口 徒歩1分 / 東京都小金井市の武蔵小金井さくら眼科は、JR中央線「武蔵小金井駅」の南口から徒歩1分の場所にある眼科医院です。一般的な眼科診療はもちろん、様々な多焦点眼内レンズを用いた白内障手術に対応されています。先進的な医療機器と眼科診療に精通した複数の医師が揃った専門的な治療を受けることができる医院として、これまでに多くの患者さんの生活の質向上に寄与されてきました。IOLマスター700という測定機器を用いた診断と、見え方に応じたレンズの選択によって一人ひとりに応じたオーダーメイドの白内障治療が実施されているため、満足度の高い治療が期待できそうですね。また、白内障治療そのものに関しても安全性にとことん配慮された良質な手術が行われている点も魅力です。白内障手術以外にも、緑内障手術や糖尿病網膜症、網膜剥離など難易度の高い治療にも対応されているため、検査の際に万が一ほかの疾患が見つかった場合でも医院を変えずに任せることができるでしょう。予約をする時は、電話予約のほかにweb予約という手段も活用できます。多焦点眼内レンズとともに新たな人生を歩んでいきたいという方は、一度相談しに行かれてみてはいかがでしょうか。","https://sakuraganka.jp/index.html","https://media.medicaldoc.jp/wp-content/uploads/2024/04/sakuraganka3.jpg","https://www.google.com/maps/embed?pb=!1m18!1m12!1m3!1d3240.0503350267563!2d139.50519185064!3d35.70037893643213!2m3!1f0!2f0!3f0!3m2!1i1024!2i768!4f13.1!3m3!1m2!1s0x6018e5a2a5e3d019%3A0x4d76f7dd92a29aec!2z5q2m6JS15bCP6YeR5LqVIOOBleOBj-OCieecvOenkQ!5e0!3m2!1sja!2sjp!4v1678776891714!5m2!1sja!2sjp"
"東京都で評判のおすすめ多焦点眼内レンズ対応のクリニック14医院","【2026年】東京都の多焦点眼内レンズ おすすめしたい14医院（1/2ページ）","https://medicaldoc.jp/m/recommend-m/tokyo-multifocal/","東京都新宿区西新宿6-5-1 新宿アイランドタワー35","0120-049-113","診療時間 月 火 水 木 金 土 日 祝 10:00～13:00 ● － － ● ● ● ● ● 14:00～19:00 ● － － ● ● ● ● ●","クレジットカード可マイナンバーカードの健康保険証利用専門医在籍日曜診療駅徒歩5分以内 / 東京メトロ丸ノ内線 西新宿駅 徒歩2分 / 都営地下鉄大江戸線 都庁前駅 徒歩8分","https://senshinkai-clinic.jp/","https://media.medicaldoc.jp/wp-content/uploads/2023/11/senshinkai-clinic4-1-e1713404498846.jpg","https://www.google.com/maps/embed?pb=!1m18!1m12!1m3!1d3240.343575100553!2d139.6881794895722!3d35.69316195863791!2m3!1f0!2f0!3f0!3m2!1i1024!2i768!4f13.1!3m3!1m2!1s0x60188daa5b872d57%3A0xad109d8c468d5c07!2z5YWI6YCy5Lya55y856eRIOadseS6rA!5e0!3m2!1sja!2sus!4v1748392868630!5m2!1sja!2sus"
"東京都で評判のおすすめ多焦点眼内レンズ対応のクリニック14医院","【2026年】東京都の多焦点眼内レンズ おすすめしたい14医院（1/2ページ）","https://medicaldoc.jp/m/recommend-m/tokyo-multifocal/","東京都品川区小山6-3-9 ウエストヴィレッジビルディング4","03-6426-4639","診療時間 月 火 水 木 金 土 日 祝 9:30～13:00 ● ● ● ● ★ ● － － 15:00～19:00 ● ● ▲ ● ● ● － －","クレジットカード可マイナンバーカードの健康保険証利用専門医在籍日曜診療駅徒歩5分以内 / 東急目黒線 西小山駅 徒歩0分 / かきのき眼科は、小さいお子さんからご年配の方まで多くの年齢層の患者さんが裸眼で過ごせるような診療を目指し、日本眼科学会 眼科専門医の資格を持つ医師による幅広い診療を実施されています。 様々な治療を提供されているなかでも、特に多焦点眼内レンズによる白内障手術に精力的に取り組まれています。患者さん一人ひとりの要望や経済的負担を考慮したレンズを提案されているので、安心して治療が受けられるクリニックと言えるのではないでしょうか。 診療の予約には電話予約を採用し、待ち時間の短縮を図られています。土曜日も診療を受け付けられており、東急電鉄目黒線の西小山駅より徒歩0分と好アクセスなので、幅広い世代の方が通院しやすいでしょう。","https://www.kakinokiganka.jp/","https://media.medicaldoc.jp/wp-content/uploads/2024/08/kakinokiganka6-e1723635214559.jpg",""
"東京都で評判のおすすめ多焦点眼内レンズ対応のクリニック14医院","【2026年】東京都の多焦点眼内レンズ おすすめしたい14医院（1/2ページ）","https://medicaldoc.jp/m/recommend-m/tokyo-multifocal/","東京都町田市原町田6丁目19-14","042-851-7171","診療時間 月 火 水 木 金 土 日 祝 9:00～12:00 ● ● ● ● ● ★ － －","マイナンバーカードの健康保険証利用専門医在籍駅徒歩5分以内 / 小田急小田原線 町田駅 東口 徒歩2分 / JR横浜線 町田駅 中央改札北口 徒歩2分","https://www.nakaharaganka.com/","https://media.medicaldoc.jp/wp-content/uploads/2024/08/8a5794ff891198eaadfce272d130e81e.jpg","https://www.google.com/maps/embed?pb=!1m18!1m12!1m3!1d1097.8671470734234!2d139.4469458877074!3d35.543709849747!2m3!1f0!2f0!3f0!3m2!1i1024!2i768!4f13.1!3m3!1m2!1s0x6018f934e893bbd1%3A0x15390780f45d8bf4!2z5Lit5Y6f55y856eR!5e0!3m2!1sja!2sus!4v1690418228207!5m2!1sja!2sus"
"東京都で評判のおすすめ多焦点眼内レンズ対応のクリニック14医院","【2026年】東京都の多焦点眼内レンズ おすすめしたい14医院（1/2ページ）","https://medicaldoc.jp/m/recommend-m/tokyo-multifocal/","東京都世田谷区経堂2-1-33 経堂コルティ2","03-5799-7276","診療時間 月 火 水 木 金 土 日 祝 10:00～13:00 ● ● ● － ● ● ● ● 15:00～18:30 ● ● ● － ● ● ★ ★","小田急小田原線 経堂駅 北口 徒歩2分 / 小田急線の経堂駅から徒歩2分にある経堂こうづき眼科は、幅広い眼科診療に対応されており、特に白内障手術を得意とされている眼科医院です。白内障で濁った水晶体の代わりに挿入する眼内レンズは、単焦点眼内レンズだけでなく多焦点眼内レンズも豊富に取り揃えられているので、見え方の質を高めたい患者さんも満足できるでしょう。 白内障手術では、「医師が家族にも勧められる手術」をモットーに新しい機器を揃え、研鑽を積んだ医師が執刀を担当されています。毎年多くの患者さんの手術を重ねられているため、そのノウハウを活かした治療を受けられる点も魅力的ですね。多焦点眼内レンズについても豊富な知識を持っているので、患者さんに適したものを提案されています。 「年々見えにくくなっている」「視界がぼやけている」などの困りごとがある方、「どんな多焦点眼内レンズが合うか知りたい」という方は、白内障に関することなら何でもお任せの経堂こうづき眼科で相談してみてはいかがでしょうか。","https://www.kozuki-eyeclinic.com/","https://media.medicaldoc.jp/wp-content/uploads/2024/08/kozuki-eyeclinic3.png",""
"東京都で評判のおすすめ多焦点眼内レンズ対応のクリニック14医院","【2026年】東京都の多焦点眼内レンズ おすすめしたい14医院（1/2ページ）","https://medicaldoc.jp/m/recommend-m/tokyo-multifocal/","東京都豊島区池袋2-17-1","03-3971-2598","診療時間 月 火 水 木 金 土 日 祝 9:00～12:30 ● ● ● ● ● ★ － － 15:00～18:30 ● ● ● ● ● － － －","クレジットカード可マイナンバーカードの健康保険証利用専門医在籍日曜診療英語対応駅徒歩5分以内駐車場あり / 東京メトロ副都心線 池袋駅 C1出口 徒歩1分 / JR各線 池袋駅 西口 徒歩5分","https://www.oki-eyecenter.jp/","https://media.medicaldoc.jp/wp-content/uploads/2025/04/oki-eyecenter2.jpg","https://www.google.com/maps/embed?pb=!1m18!1m12!1m3!1d3238.7464957490197!2d139.70358011202438!3d35.73245262704289!2m3!1f0!2f0!3f0!3m2!1i1024!2i768!4f13.1!3m3!1m2!1s0x60188d5931ff5d17%3A0xcc2c549955f58c7e!2z5aSn5pyo55y856eR!5e0!3m2!1sja!2sus!4v1745219917334!5m2!1sja!2sus"
"東京都で評判のおすすめ多焦点眼内レンズ対応のクリニック14医院","【2026年】東京都の多焦点眼内レンズ おすすめしたい14医院（1/2ページ）","https://medicaldoc.jp/m/recommend-m/tokyo-multifocal/","東京都足立区大谷田4-7-17","03-5856-0428","診療時間 月 火 水 木 金 土 日 祝 9:00～12:30 ● ● ● ● ● ● － － 15:00～18:30 ● ● ● ● ● ● － －","東京メトロ千代田線 北綾瀬駅 徒歩7分 / 東京メトロ千代田線の北綾瀬駅から徒歩7分の場所にある、きたあやせよつば眼科は、幅広い年齢層の患者さんが訪れる、地域の皆さんに寄り添う眼科医院です。目のトラブル全般に対応されており、レーザー白内障手術などの高度な診療も提供されているそうです。 特に白内障手術に注力されており、単焦点眼内レンズと多焦点眼内レンズのうち、ライフスタイルやニーズに応じて適切なものを選定されています。診察から手術、術後の経過まで、すべてを院長自身が責任をもって対応されているため、最初から最後まで安心して治療を進められるでしょう。 手術は、浮遊する微粒子を強力に除去するバイオクリーナーを導入した無菌手術室で実施されています。さらに、室内の気圧を外より高く保つ陽圧管理によって、空気中の雑菌が侵入しにくい構造となっており、徹底した衛生環境が整えられています。精度の高い医療だけでなく、「安心して任せられる空間」で手術を受けられる、そんな配慮が詰まった医院です。","https://gen-gen-cocoro-eye.jp/","https://media.medicaldoc.jp/wp-content/uploads/2025/04/gen-gen-cocoro-eye3.png",""
"東京都で評判のおすすめ多焦点眼内レンズ対応のクリニック14医院","【2026年】東京都の多焦点眼内レンズ おすすめしたい14医院（1/2ページ）","https://medicaldoc.jp/m/recommend-m/tokyo-multifocal/","東京都八王子市明神町4-6-2 山口ビル2","042-644-5212","診療時間 月 火 水 木 金 土 日 祝 9:30～12:30 ● ● ● ● － ● ▲ － 15:00～18:30 ● ● ● ● － ★ － －","マイナンバーカードの健康保険証利用専門医在籍駅徒歩5分以内 / 京王線 京王八王子駅 徒歩30秒 / JR中央線・JR横浜線・JR八高線 八王子駅 徒歩4分","https://www.matsumoto-eye.com/","https://media.medicaldoc.jp/wp-content/uploads/2025/09/matsumoto-eye3-1-e1758501452128.jpg",""
"広島市周辺で評判の在宅医療対応のクリニック8医院","【2026年】広島市周辺の在宅医療 おすすめしたい8医院","https://medicaldoc.jp/m/recommend-m/hiroshima-home-medical-care/","広島県広島市南区段原日出1-12-18-101","082-236-7310","診療時間 月 火 水 木 金 土 日 祝 9:00～12:00 ● ● ● ● ● － － － 13:00～17:00 ● ● ● ● ● － － －","JR山陽本線・JR可部線・JR芸備線 広島駅 車で4分","https://hinode-clinic.com/","https://media.medicaldoc.jp/wp-content/uploads/2022/05/hinode-clinic.comhmc2.jpg",""
"広島市周辺で評判の在宅医療対応のクリニック8医院","【2026年】広島市周辺の在宅医療 おすすめしたい8医院","https://medicaldoc.jp/m/recommend-m/hiroshima-home-medical-care/","広島県安芸郡府中町本町2-5-13","082-282-4511","診療時間 月 火 水 木 金 土 日 祝 9:00～12:00 ● ● ● ● ● ● - - 14:30～18:30 ● ★ ● ★ ● - - -","JR山陽本線 天神川駅 徒歩15分","https://nanba-medical-clinic.com/","https://media.medicaldoc.jp/wp-content/uploads/2024/06/nanba-medical-clinic.com5_.jpg","https://www.google.com/maps/embed?pb=!1m18!1m12!1m3!1d3292.181000973778!2d132.50279647632146!3d34.39674507302918!2m3!1f0!2f0!3f0!3m2!1i1024!2i768!4f8!3m3!1m2!1s0x355a9f7315925ea9%3A0x5996f8a680bf4944!2z44Gq44KT44Gw5YaF56eR44Kv44Oq44OL44OD44Kv!5e0!3m2!1sja!2sjp!4v1779088486385!5m2!1sja!2sjp"